spider,category,subcategory,subsubcategory
Amazon,Food,Our Brands,Introducing Cursive Wine
Amazon,Food,Our Brands,Dairy and cheese
Amazon,Food,Our Brands,Breakfast
Amazon,Food,Our Brands,Snacks
Amazon,Food,Our Brands,Breads and bakery
Amazon,Food,Our Brands,Produce
Amazon,Food,Our Brands,Meat and seafood
Amazon,Food,Our Brands,Pantry
Amazon,Food,Our Brands,Household supplies
Amazon,Food,Our Brands,Vitamins and supplements
Amazon,Food,Our Brands,Personal care
Amazon,Food,Our Brands,Healthcare
Amazon,Food,Our Brands,Baby products
Amazon,Food,Produce,Fresh packaged
Amazon,Food,Produce,Organic Produce
Amazon,Food,Produce,Fruits
Amazon,Food,Produce,Vegetables
Amazon,Food,Produce,Packaged Produce
Amazon,Food,Produce,Fresh Herbs
Amazon,Food,Produce,Nuts & Seeds
Amazon,Food,Produce,Dried Fruits & Vegetables
Amazon,Food,Produce,Berries
Amazon,Food,Produce,Citrus Fruits
Amazon,Food,Produce,Onions
Amazon,Food,Produce,Grapes
Amazon,Food,Produce,Leafy Greens & Cabbage
Amazon,Food,Produce,Vegetarian Proteins
Amazon,Food,Meat & Seafood,Coupons on meat and seafood
Amazon,Food,Meat & Seafood,Hearty breakfast hash
Amazon,Food,Meat & Seafood,Beef
Amazon,Food,Meat & Seafood,Chicken
Amazon,Food,Meat & Seafood,Seafood
Amazon,Food,Meat & Seafood,Pork
Amazon,Food,Meat & Seafood,Bacon
Amazon,Food,Meat & Seafood,Frozen Meats
Amazon,Food,"Dairy, Cheese & Eggs","Coupons on dairy, cheese, and eggs"
Amazon,Food,"Dairy, Cheese & Eggs",On-the-go snacks
Amazon,Food,"Dairy, Cheese & Eggs",Make a cheesecake with Philadelphia
Amazon,Food,"Dairy, Cheese & Eggs",Top off your favorite desserts
Amazon,Food,"Dairy, Cheese & Eggs",Indulge in cheesy goodness
Amazon,Food,"Dairy, Cheese & Eggs",Cheese
Amazon,Food,"Dairy, Cheese & Eggs",Yogurt
Amazon,Food,"Dairy, Cheese & Eggs",Milk & Cream
Amazon,Food,"Dairy, Cheese & Eggs",Eggs & Egg Substitutes
Amazon,Food,"Dairy, Cheese & Eggs",Butter & Margarine
Amazon,Food,"Dairy, Cheese & Eggs",Non-Dairy
Amazon,Food,Deli & Prep. Foods,Coupons on deli and prepared foods
Amazon,Food,Deli & Prep. Foods,Charcuterie snacks
Amazon,Food,Deli & Prep. Foods,Amazon Kitchen makes meal planning easy
Amazon,Food,Deli & Prep. Foods,Deli Meats & Cheeses
Amazon,Food,Deli & Prep. Foods,Box Lunches
Amazon,Food,Deli & Prep. Foods,Deli Salads
Amazon,Food,Deli & Prep. Foods,Entrees
Amazon,Food,Deli & Prep. Foods,"Soups, Stews & Chili"
Amazon,Food,Deli & Prep. Foods,"Dips, Salsas & Spreads"
Amazon,Food,Deli & Prep. Foods,Side Dishes
Amazon,Food,Deli & Prep. Foods,Fresh Pasta & Sauces
Amazon,Food,Deli & Prep. Foods,Fresh Meal Kits
Amazon,Food,Deli & Prep. Foods,Olives & Antipasto
Amazon,Food,Breads & Bakery,Everything for the perfect sandwich
Amazon,Food,Breads & Bakery,Make your perfect sandwich
Amazon,Food,Breads & Bakery,Indulge in sweetness
Amazon,Food,Breads & Bakery,Whole grain options
Amazon,Food,Breads & Bakery,Breads
Amazon,Food,Breads & Bakery,Bagels
Amazon,Food,Breads & Bakery,Rolls & Buns
Amazon,Food,Breads & Bakery,English Muffins
Amazon,Food,Breads & Bakery,Muffins
Amazon,Food,Breads & Bakery,Flatbreads & Tortillas
Amazon,Food,Breads & Bakery,Cakes
Amazon,Food,Breads & Bakery,Bakery Desserts
Amazon,Food,Breads & Bakery,Refrigerated Doughs
Amazon,Food,Breads & Bakery,Pastries
Amazon,Food,Breads & Bakery,Waffles
Amazon,Food,Breads & Bakery,Fresh Bakery Breadsticks
Amazon,Food,Breads & Bakery,Birthday gifting to pair with cake
Amazon,Food,Breads & Bakery,Butter and margarine
Amazon,Food,Frozen Foods,Frozen sweet treats
Amazon,Food,Frozen Foods,Frozen veggies
Amazon,Food,Frozen Foods,Delicious pot pies in minutes
Amazon,Food,Frozen Foods,Handheld ice cream treats
Amazon,Food,Frozen Foods,Ice Cream & Frozen Novelties
Amazon,Food,Frozen Foods,Frozen Appetizers & Snacks
Amazon,Food,Frozen Foods,Frozen Vegetables
Amazon,Food,Frozen Foods,Frozen Fruit
Amazon,Food,Frozen Foods,Frozen Breakfast Foods
Amazon,Food,Frozen Foods,Frozen Pizzas
Amazon,Food,Frozen Foods,Frozen Meals & Entrees
Amazon,Food,Frozen Foods,Frozen Meats
Amazon,Food,Frozen Foods,Frozen Seafood
Amazon,Food,Frozen Foods,Frozen Desserts & Toppings
Amazon,Food,Frozen Foods,Frozen Potatoes & Onion Rings
Amazon,Food,Frozen Foods,Frozen Juices
Amazon,Food,Pantry Staples,Coupons on pantry staples
Amazon,Food,Pantry Staples,Ingredients for an easy family meal
Amazon,Food,Pantry Staples,Canned goods
Amazon,Food,Pantry Staples,Rice and noodle varieties
Amazon,Food,Pantry Staples,Cooking & Baking
Amazon,Food,Pantry Staples,"Canned, Jarred & Packaged Foods"
Amazon,Food,Pantry Staples,Condiments & Salad Dressings
Amazon,Food,Pantry Staples,Pasta & Noodles
Amazon,Food,Pantry Staples,"Herbs, Spices & Seasonings"
Amazon,Food,Pantry Staples,Nut & Seed Butters
Amazon,Food,Pantry Staples,"Soups, Stocks & Broths"
Amazon,Food,Pantry Staples,"Dried Beans, Lentils & Peas"
Amazon,Food,Pantry Staples,Dried Grains & Rice
Amazon,Food,Pantry Staples,"Jams, Jellies & Sweet Spreads"
Amazon,Food,Pantry Staples,"Olives, Pickles & Relishes"
Amazon,Food,Pantry Staples,"Sauces, Gravies & Marinades"
Amazon,Food,Pantry Staples,Kitchen & Dining Supplies
Amazon,Food,Breakfast Foods,Coupons on breakfast foods
Amazon,Food,Breakfast Foods,Fuel up for the day
Amazon,Food,Breakfast Foods,Organic breakfast at home
Amazon,Food,Breakfast Foods,Organic breakfast foods
Amazon,Food,Breakfast Foods,Gluten-free breakfast foods
Amazon,Food,Breakfast Foods,GMO-free breakfast foods
Amazon,Food,Breakfast Foods,Cereals
Amazon,Food,Breakfast Foods,Breakfast & Cereal Bars
Amazon,Food,Breakfast Foods,"Pancake, Waffle & Baking Mixes"
Amazon,Food,Breakfast Foods,Toaster Pastries
Amazon,Food,Breakfast Foods,Frozen Breakfast Foods
Amazon,Food,Breakfast Foods,Breakfast Syrups & Toppings
Amazon,Food,Breakfast Foods,Applesauce & Fruit Cups
Amazon,Food,Breakfast Foods,Instant Breakfast Drinks
Amazon,Food,Breakfast Foods,Oatmeal
Amazon,Food,Breakfast Foods,Granola
Amazon,Food,Snack Foods,Coupons on snack foods
Amazon,Food,Snack Foods,Flavors of the season
Amazon,Food,Snack Foods,Snacking made easy
Amazon,Food,Snack Foods,Snacking made sweeter
Amazon,Food,Snack Foods,Sabra hummus and dips
Amazon,Food,Snack Foods,Airheads and Mentos candy
Amazon,Food,Snack Foods,Chips
Amazon,Food,Snack Foods,Crackers
Amazon,Food,Snack Foods,Cookies
Amazon,Food,Snack Foods,Fruit Snacks
Amazon,Food,Snack Foods,Bars
Amazon,Food,Snack Foods,Popcorn
Amazon,Food,Snack Foods,Pretzels
Amazon,Food,Snack Foods,"Salsas, Dips & Spreads"
Amazon,Food,Snack Foods,Snack & Trail Mixes
Amazon,Food,Snack Foods,Nuts & Seeds
Amazon,Food,Snack Foods,Candy & Chocolate
Amazon,Food,Snack Foods,Applesauce & Fruit Cups
Amazon,Food,Snack Foods,Meat Snacks
Amazon,Food,Snack Foods,Dried Fruits & Raisins
Amazon,Food,Snack Foods,Snack Cakes & Pastries
Amazon,Food,Snack Foods,Party Mix
Amazon,Food,Snack Foods,Snack Puddings & Gelatins
Amazon,Food,Snack Foods,Seaweed Snacks
Amazon,Food,Snack Foods,Vegetable Snacks
Amazon,Food,Snack Foods,Protein bars
Amazon,Food,Meal Solutions,Butternut squash soup
Amazon,Food,Meal Solutions,Featured items
Amazon,Food,Meal Solutions,Produce
Amazon,Food,Meal Solutions,Meat and seafood
Amazon,Food,Meal Solutions,"Pasta, grains, and rice"
Amazon,Food,Meal Solutions,"Dairy, cheese, and eggs"
Amazon,Food,Meal Solutions,Easy desserts
Amazon,Food,Meal Solutions,Cozy up with organic milk and cookies
Amazon,Food,Meal Solutions,"Beer, wine, and seltzer"
Amazon,Food,Meal Solutions,Food storage
Amazon,Food,Meal Solutions,Featured kitchen supplies
Amazon,Food,Meal Solutions,Plates and cutlery
Amazon,Beverages,Coffee & Tea,Try a new tea
Amazon,Beverages,Coffee & Tea,Coffee
Amazon,Beverages,Coffee & Tea,Tea
Amazon,Beverages,Coffee & Tea,Coffee Creamer
Amazon,Beverages,Coffee & Tea,Non-Dairy Coffee Creamer
Amazon,Beverages,Coffee & Tea,Coffee & Espresso Machine Accessories
Amazon,Beverages,Water,Perfect for special occasions
Amazon,Beverages,Water,Mineral Water
Amazon,Beverages,Water,Sparkling Water
Amazon,Beverages,Water,Flavored Water
Amazon,Beverages,Water,Sports Drinking Water
Amazon,Beverages,Water,Tonic Water
Amazon,Beverages,Juice,"Never sweetened, concentrated, or frozen"
Amazon,Beverages,Juice,Fruit Juice Beverages
Amazon,Beverages,Juice,Lemonade
Amazon,Beverages,Juice,Juice Smoothie Drinks
Amazon,Beverages,Juice,Sparkling Juice Drinks
Amazon,Beverages,Juice,Vegetable Juice Beverages
Amazon,Beverages,Juice,Ciders
Amazon,Beverages,Drink Mixes,Cocoa
Amazon,Beverages,Drink Mixes,Instant Breakfast Drinks
Amazon,Beverages,Drink Mixes,Powdered Soft Drink Mixes
Amazon,Beverages,Drink Mixes,Powdered Chocolate Drink Mixes
Amazon,Beverages,Drink Mixes,Water Flavoring Drops
Amazon,Beverages,Drink Mixes,Beverage Flavor Syrups
Amazon,Beverages,Milk & Cream,Warm up with a sweet drink
Amazon,Beverages,Milk & Cream,Milk and cream from happy cows
Amazon,Beverages,Milk & Cream,"Coffee, creamers, and add-ins"
Amazon,Beverages,Milk & Cream,Dairy Milk
Amazon,Beverages,Milk & Cream,Flavored Milk
Amazon,Beverages,Milk & Cream,Half & Half
Amazon,Beverages,Milk & Cream,Whipping Cream
Amazon,Beverages,Milk & Cream,Coffee Creamer
Amazon,Beverages,Milk & Cream,Heavy Cream
Amazon,Beverages,Milk & Cream,Eggnog
Amazon,Beverages,Milk & Cream,Cereals
Amazon,Beverages,Non-Dairy Milks,Silk and So Delicious are always plant-based
Amazon,Beverages,Non-Dairy Milks,Almond Milk
Amazon,Beverages,Non-Dairy Milks,Oat Milk
Amazon,Beverages,Non-Dairy Milks,Non-Dairy Coffee Creamer
Amazon,Beverages,Non-Dairy Milks,Non-Dairy Yogurts
Amazon,Beverages,Non-Dairy Milks,Soy Milk
Amazon,Beverages,Non-Dairy Milks,Coconut Milk
Amazon,Beverages,Non-Dairy Milks,Cashew Milk
Amazon,Beverages,Non-Dairy Milks,Flax Milk
Amazon,Beverages,Non-Dairy Milks,Rice Milk
Amazon,Household,Cleaning Supplies,Paper Towels
Amazon,Household,Cleaning Supplies,All-Purpose Cleaners
Amazon,Household,Cleaning Supplies,Disinfectant Wipes
Amazon,Household,Cleaning Supplies,Glass Cleaners
Amazon,Household,Cleaning Supplies,Bathroom Cleaners
Amazon,Household,Cleaning Supplies,Kitchen Cleaners
Amazon,Household,Cleaning Supplies,Drain Openers
Amazon,Household,Cleaning Supplies,Cleaning Tools
Amazon,Household,Cleaning Supplies,Floor Cleaners
Amazon,Household,Cleaning Supplies,Carpet Cleaners & Deodorizers
Amazon,Household,Cleaning Supplies,Wood & Metal Polishes
Amazon,Household,Paper & Plastic,Coupons on paper and plastic products
Amazon,Household,Paper & Plastic,Paper Towels
Amazon,Household,Paper & Plastic,Toilet Paper
Amazon,Household,Paper & Plastic,Trash Bags
Amazon,Household,Paper & Plastic,Napkins
Amazon,Household,Paper & Plastic,Tissues
Amazon,Household,Paper & Plastic,Food Storage Bags & Containers
Amazon,Household,Paper & Plastic,"Disposable Plates, Bowls & Cutlery"
Amazon,Household,Paper & Plastic,Disposable Drinkware
Amazon,Household,Paper & Plastic,Personal Cleansing Wipes
Amazon,Household,Paper & Plastic,Coffee Filters
Amazon,Household,Dishwashing,Dishwasher Detergents
Amazon,Household,Dishwashing,Dish Soaps
Amazon,Household,Dishwashing,Rinse Aids
Amazon,Household,Dishwashing,Sponges
Amazon,Household,Dishwashing,Kitchen Cleaners
Amazon,Household,Laundry,Liquid Detergent
Amazon,Household,Laundry,Pods & Tablets
Amazon,Household,Laundry,Fabric Softeners
Amazon,Household,Laundry,Dryer Sheets & Deodorizers
Amazon,Household,Laundry,Stain Removers
Amazon,Household,Laundry,Bleach
Amazon,Household,Laundry,Lint Removers
Amazon,Household,Laundry,Starch & Anti-static Sprays
Amazon,"Personal Care, Health & Beauty",Personal Care,Coupons on personal care
Amazon,"Personal Care, Health & Beauty",Personal Care,Nurturing care for hardworking hands
Amazon,"Personal Care, Health & Beauty",Personal Care,Shampoo
Amazon,"Personal Care, Health & Beauty",Personal Care,Conditioner
Amazon,"Personal Care, Health & Beauty",Personal Care,Body Wash
Amazon,"Personal Care, Health & Beauty",Personal Care,Body & Bath
Amazon,"Personal Care, Health & Beauty",Personal Care,Toothpaste
Amazon,"Personal Care, Health & Beauty",Personal Care,Mouthwashes
Amazon,"Personal Care, Health & Beauty",Personal Care,Deodorants & Antiperspirants
Amazon,"Personal Care, Health & Beauty",Personal Care,Shave & Hair Removal
Amazon,"Personal Care, Health & Beauty",Personal Care,Feminine Care
Amazon,"Personal Care, Health & Beauty",Personal Care,Lip Care
Amazon,"Personal Care, Health & Beauty",Personal Care,Eye Treatments
Amazon,"Personal Care, Health & Beauty",Personal Care,Hand Soap
Amazon,"Personal Care, Health & Beauty",Hair Care,Shampoo
Amazon,"Personal Care, Health & Beauty",Hair Care,Conditioner
Amazon,"Personal Care, Health & Beauty",Hair Care,2-in-1 Shampoo & Conditioner
Amazon,"Personal Care, Health & Beauty",Hair Care,Dry Shampoo
Amazon,"Personal Care, Health & Beauty",Hair Care,Hair Color
Amazon,"Personal Care, Health & Beauty",Hair Care,Styling Products
Amazon,"Personal Care, Health & Beauty",Hair Care,Hair Spray
Amazon,"Personal Care, Health & Beauty",Hair Care,Hair Accessories
Amazon,"Personal Care, Health & Beauty",Hair Care,Styling Tools & Appliances
Amazon,"Personal Care, Health & Beauty",Hair Care,Hair Loss Treatments
Amazon,"Personal Care, Health & Beauty",Hair Care,Hair & Scalp Treatments
Amazon,"Personal Care, Health & Beauty",Hair Care,Hair Cutting Tools
Amazon,"Personal Care, Health & Beauty",Hair Care,Vitamins and supplements for your hair
Amazon,"Personal Care, Health & Beauty",Skin Care,Coupons on skin care
Amazon,"Personal Care, Health & Beauty",Skin Care,Facial Cleansers
Amazon,"Personal Care, Health & Beauty",Skin Care,Face Moisturizers
Amazon,"Personal Care, Health & Beauty",Skin Care,Night Creams
Amazon,"Personal Care, Health & Beauty",Skin Care,Acne Treatment
Amazon,"Personal Care, Health & Beauty",Skin Care,Body & Bath
Amazon,"Personal Care, Health & Beauty",Skin Care,Masks
Amazon,"Personal Care, Health & Beauty",Skin Care,Body & Bath
Amazon,"Personal Care, Health & Beauty",Skin Care,Eye Treatments
Amazon,"Personal Care, Health & Beauty",Skin Care,Facial Skin Care Products
Amazon,"Personal Care, Health & Beauty",Skin Care,Lip Care
Amazon,"Personal Care, Health & Beauty",Skin Care,Sets & Kits
Amazon,"Personal Care, Health & Beauty",Skin Care,Sunscreen & Tanning
Amazon,"Personal Care, Health & Beauty",Beauty,Best of fall beauty
Amazon,"Personal Care, Health & Beauty",Beauty,At-home beauty
Amazon,"Personal Care, Health & Beauty",Beauty,Foundation & Concealers
Amazon,"Personal Care, Health & Beauty",Beauty,"Blush, Bronzers & Highlighters"
Amazon,"Personal Care, Health & Beauty",Beauty,Lip Color
Amazon,"Personal Care, Health & Beauty",Beauty,Powder
Amazon,"Personal Care, Health & Beauty",Beauty,Makeup Remover
Amazon,"Personal Care, Health & Beauty",Beauty,Nail Polish & Accessories
Amazon,"Personal Care, Health & Beauty",Beauty,Makeup Brushes & Tools
Amazon,"Personal Care, Health & Beauty",Beauty,Fragrance
Amazon,"Personal Care, Health & Beauty",Beauty,Eyes
Amazon,"Personal Care, Health & Beauty",Beauty,Give the gift of beauty products
Amazon,"Personal Care, Health & Beauty",Beauty,Beauty supplements
Amazon,"Personal Care, Health & Beauty",Health & Wellness,Coupons on health care
Amazon,"Personal Care, Health & Beauty",Health & Wellness,Promote heart health
Amazon,"Personal Care, Health & Beauty",Health & Wellness,Sexual wellness
Amazon,"Personal Care, Health & Beauty",Health & Wellness,Cold and flu relief
Amazon,"Personal Care, Health & Beauty",Health & Wellness,Pain Relief
Amazon,"Personal Care, Health & Beauty",Health & Wellness,OTC Medications & Treatments
Amazon,"Personal Care, Health & Beauty",Health & Wellness,Sports Nutrition
Amazon,"Personal Care, Health & Beauty",Health & Wellness,Vitamins & Supplements
Amazon,"Personal Care, Health & Beauty",Health & Wellness,Sexual Wellness
Amazon,"Personal Care, Health & Beauty",Health & Wellness,First Aid
Amazon,"Personal Care, Health & Beauty",Health & Wellness,Sleep & Snoring Aids
Amazon,"Personal Care, Health & Beauty",Health & Wellness,Women's Health
Amazon,"Personal Care, Health & Beauty",Health & Wellness,Foot Health Care Products
Amazon,"Personal Care, Health & Beauty",Health & Wellness,Ear Care Products
Amazon,"Personal Care, Health & Beauty",Health & Wellness,Incontinence & Ostomy Products
Amazon,"Personal Care, Health & Beauty",Health & Wellness,Home Use Medical Supplies & Equipment
Amazon,"Personal Care, Health & Beauty",Sports Nutrition,Save on sports nutrition
Amazon,"Personal Care, Health & Beauty",Sports Nutrition,Start your day strong
Amazon,"Personal Care, Health & Beauty",Sports Nutrition,Protein-packed snacks
Amazon,"Personal Care, Health & Beauty",Sports Nutrition,Make a protein shake
Amazon,"Personal Care, Health & Beauty",Sports Nutrition,Plant-based protein
Amazon,"Personal Care, Health & Beauty",Sports Nutrition,Protein
Amazon,"Personal Care, Health & Beauty",Sports Nutrition,Pre-Workout
Amazon,"Personal Care, Health & Beauty",Sports Nutrition,Amino Acids
Amazon,"Personal Care, Health & Beauty",Sports Nutrition,Nutrition Bars
Amazon,Baby,Diapering & Training,Diapers
Amazon,Baby,Diapering & Training,Wipes
Amazon,Baby,Diapering & Training,Toilet Training Products
Amazon,Baby,Feeding & Formula,Beverages
Amazon,Baby,Feeding & Formula,Snack Foods
Amazon,Baby,Feeding & Formula,Cereal
Amazon,Baby,Feeding & Formula,Meals
Amazon,Baby,Feeding & Formula,Formula
Amazon,Baby,Feeding & Formula,Feeding Tools & Accessories
Amazon,Baby,Baby & Child Personal Care,Baby Bathing Products
Amazon,Baby,Baby & Child Personal Care,Hair Care for Children
Amazon,Baby,Baby & Child Personal Care,Nursing Pads
Amazon,Baby,Baby & Child Personal Care,Kid's Oral Hygiene Products
Amazon,Baby,Baby & Child Personal Care,Baby Skin Care
Amazon,Pets,Dogs,Dog Food
Amazon,Pets,Dogs,Dog Treats
Amazon,Pets,Dogs,Dog Toys
Amazon,Pets,Dogs,"Dog Collars, Harnesses & Leashes"
Amazon,Pets,Dogs,Dog Housebreaking Supplies
Amazon,Pets,Dogs,Dog Feeding & Watering Supplies
Amazon,Pets,Dogs,Dog Carriers & Travel Products
Amazon,Pets,Dogs,Dog Training & Behavior Aids
Amazon,Pets,Dogs,Dog Apparel & Accessories
Amazon,Pets,Cats,Cat Food
Amazon,Pets,Cats,Cat Treats
Amazon,Pets,Cats,Cat Litter & Housebreaking
Amazon,Pets,Cats,Cat Feeding & Watering Supplies
Amazon,More from Fresh,Shop all products,"Office supplies, school supplies, and more"
Amazon,More from Fresh,Shop all products,Electronics
Amazon,More from Fresh,Shop all products,Kitchen and dining
Amazon,More from Fresh,Shop all products,"Bed, bath, and more"
Amazon,More from Fresh,Shop all products,Pet Care
Amazon,More from Fresh,Shop all products,Batteries
Amazon,More from Fresh,Shop all products,Toys and games
Amazon,More from Fresh,Shop all products,Gift cards for any occasion
Amazon,More from Fresh,Shop all products,Home improvement and more
Amazon,More from Fresh,Shop all products,Hallmark gifting for every occasion
Amazon,Local & Seasonal,Local Market,Local bread & bakery
Amazon,Local & Seasonal,Local Market,Local snacks
Amazon,Local & Seasonal,Local Market,Local frozen treats
Amazon,Local & Seasonal,Local Market,"Local sauces, dips & spreads"
Amazon,Local & Seasonal,Local Market,Local ingredients for cooking & baking
Amazon,Local & Seasonal,Local Market,Local beverages
Amazon,Local & Seasonal,Local Market,Local dairy alternatives
Amazon,Local & Seasonal,Local Market,Local favorites from Halo Top Creamery
Amazon,Local & Seasonal,Local Market,Local tea & coffee
Amazon,Local & Seasonal,Gifting,Thanksgiving
Amazon,Local & Seasonal,Gifting,Birthday cards
Amazon,Local & Seasonal,Gifting,Gift cards for any occasion
Amazon,Local & Seasonal,Gifting,Birthday gift presentation
Amazon,Local & Seasonal,Gifting,Holiday gift presentation
Amazon,Local & Seasonal,Gifting,Holiday boxed cards
Amazon,Local & Seasonal,Gifting,Ornaments
Amazon,Local & Seasonal,Gifting,Holiday greeting cards
Amazon,Local & Seasonal,Gifting,Celebrate a newborn
Amazon,Local & Seasonal,Gifting,Thank you cards
Amazon,Local & Seasonal,Gifting,Gift wrap and bags
Amazon,Local & Seasonal,Gifting,"Stationery, journals, boxed sets, and giftables"
Amazon,Local & Seasonal,Gifting,Religious occasions
Amazon,Local & Seasonal,Gifting,Love and anniversary
Amazon,Local & Seasonal,Gifting,Gifting for every occasion
Amazon,Local & Seasonal,Gifting,Congratulations and thinking of you
Amazon,Local & Seasonal,Thanksgiving,Fresh produce
Amazon,Local & Seasonal,Thanksgiving,Festive staples
Amazon,Local & Seasonal,Thanksgiving,Stock your fridge
Amazon,Local & Seasonal,Thanksgiving,"Beer, wine, and spirits"
Amazon,Local & Seasonal,Thanksgiving,50% off - discount at checkout
Amazon,Local & Seasonal,Thanksgiving,Coupons on pantry staples
Amazon,Local & Seasonal,Thanksgiving,Baking essentials
Amazon,Local & Seasonal,Thanksgiving,Holiday beverages
Amazon,Local & Seasonal,Thanksgiving,Holiday essentials from Amazon brands
Amazon,Local & Seasonal,Thanksgiving,Kitchen tools for Thanksgiving
Amazon,Local & Seasonal,Thanksgiving,Thanksgiving from Hallmark
